open,high,low,close,time
1.08985,1.10004,1.0879,1.09828,1570665840.0
1.09828,1.11719,1.09797,1.11578,1571616840.0
1.11578,1.11793,1.10729,1.11072,1572394860.0
1.11071,1.11755,1.1036,1.10505,1565486940.0
1.10505,1.10899,1.0989,1.10676,1574127720.0
1.10676,1.10969,1.09922,1.10061,1574905620.0
1.10061,1.11161,1.09811,1.10565,1568253780.0
1.10565,1.11995,1.10533,1.11407,1576634700.0
1.11406,1.11809,1.10662,1.11809,1577468400.0
1.11808,1.12391,1.11249,1.11495,1596256440.0
